{"cameraMode":{"drawMode":0,"name":"Shaded","section":"Shading Mode"},"sceneLighting":true,"audioPlay":false,"sceneViewState":{"m_AlwaysRefresh":true,"showFog":true,"showSkybox":true,"showFlares":true,"showImageEffects":true,"showParticleSystems":true,"showVisualEffectGraphs":true,"m_FxEnabled":true},"in2DMode":false,"pivot":{"x":0.4149662256240845,"y":4.568228244781494,"z":7.799979209899902},"rotation":{"x":-0.12472199648618698,"y":-0.07651957124471665,"z":0.009619207121431828,"w":-0.9893863797187805},"size":1.8708287477493287,"orthographic":false}