{"cameraMode":{"drawMode":0,"name":"Shaded","section":"Shading Mode"},"sceneLighting":true,"audioPlay":false,"sceneViewState":{"m_AlwaysRefresh":true,"showFog":true,"showSkybox":true,"showFlares":true,"showImageEffects":true,"showParticleSystems":true,"showVisualEffectGraphs":true,"m_FxEnabled":true},"in2DMode":false,"pivot":{"x":2.618379831314087,"y":2.3925540447235109,"z":30.591060638427736},"rotation":{"x":0.00002141186450899113,"y":-0.9995124340057373,"z":-0.035099029541015628,"w":0.0024536987766623499},"size":1.8708287477493287,"orthographic":false}